Driver type,Sex [note 1],"Age group [notes 2, 3]",Severity adjustment [note 4],2012,2013,2014,2015,2016,2017,2018,2019,2020,2021
Pedal cyclists,Female,Under 16,FSC (unadjusted),48,42,40,39,38,48,28,44,35,51
Pedal cyclists,Female,16,FSC (unadjusted),4,7,11,4,6,5,5,5,7,5
Pedal cyclists,Female,17-20,FSC (unadjusted),32,31,29,26,19,27,27,33,30,20
Pedal cyclists,Female,21-24,FSC (unadjusted),36,44,57,44,46,45,50,40,51,50
Pedal cyclists,Female,25-29,FSC (unadjusted),92,86,69,71,64,73,95,83,101,100
Pedal cyclists,Female,30-39,FSC (unadjusted),125,123,133,107,115,146,133,145,126,135
Pedal cyclists,Female,40-49,FSC (unadjusted),112,114,128,125,124,130,125,134,130,133
Pedal cyclists,Female,50-59,FSC (unadjusted),95,95,104,101,125,135,152,141,153,155
Pedal cyclists,Female,60-69,FSC (unadjusted),34,30,47,38,42,57,46,61,80,82
Pedal cyclists,Female,70 and over,FSC (unadjusted),16,16,19,29,14,17,27,23,34,34
Pedal cyclists,Female,All ages,FSC (unadjusted),600,600,644,595,603,692,694,716,751,776
Motorcycle riders,Female,Under 16,FSC (unadjusted),0,2,1,0,1,2,1,0,2,1
Motorcycle riders,Female,16,FSC (unadjusted),13,12,10,12,16,7,7,6,1,2
Motorcycle riders,Female,17-20,FSC (unadjusted),34,48,41,45,53,51,37,41,15,37
Motorcycle riders,Female,21-24,FSC (unadjusted),32,42,41,40,55,48,42,26,25,30
Motorcycle riders,Female,25-29,FSC (unadjusted),34,33,43,32,35,33,37,44,36,36
Motorcycle riders,Female,30-39,FSC (unadjusted),72,59,60,51,48,62,59,63,54,59
Motorcycle riders,Female,40-49,FSC (unadjusted),81,85,64,56,56,64,59,52,40,59
Motorcycle riders,Female,50-59,FSC (unadjusted),35,30,66,52,47,56,59,73,46,54
Motorcycle riders,Female,60-69,FSC (unadjusted),14,9,6,7,11,14,13,5,15,17
Motorcycle riders,Female,70 and over,FSC (unadjusted),3,2,1,2,4,4,3,4,1,2
Motorcycle riders,Female,All ages,FSC (unadjusted),321,324,333,301,330,343,321,314,238,298
Car drivers,Female,Under 16,FSC (unadjusted),2,0,0,0,1,1,0,2,1,1
Car drivers,Female,16,FSC (unadjusted),0,0,1,1,3,1,3,0,1,0
Car drivers,Female,17-20,FSC (unadjusted),584,564,493,438,522,519,547,532,418,430
Car drivers,Female,21-24,FSC (unadjusted),715,644,657,642,701,694,675,713,545,703
Car drivers,Female,25-29,FSC (unadjusted),765,761,778,797,859,883,911,951,705,768
Car drivers,Female,30-39,FSC (unadjusted),"1,443","1,294","1,430","1,297","1,537","1,500","1,683","1,742","1,209","1,588"
Car drivers,Female,40-49,FSC (unadjusted),"1,463","1,306","1,392","1,348","1,367","1,373","1,391","1,401","1,003","1,249"
Car drivers,Female,50-59,FSC (unadjusted),"1,070",964,"1,105","1,082","1,189","1,192","1,320","1,316",960,"1,135"
Car drivers,Female,60-69,FSC (unadjusted),678,623,699,620,738,685,798,800,573,653
Car drivers,Female,70 and over,FSC (unadjusted),583,618,720,638,758,818,878,917,528,664
Car drivers,Female,All ages,FSC (unadjusted),"7,506","6,973","7,487","7,074","7,872","7,824","8,355","8,555","6,065","7,337"
Bus or coach drivers,Female,Under 16,FSC (unadjusted),0,0,0,0,0,0,0,0,0,0
Bus or coach drivers,Female,16,FSC (unadjusted),0,0,0,0,0,0,0,0,0,0
Bus or coach drivers,Female,17-20,FSC (unadjusted),0,0,0,0,0,0,0,1,0,1
Bus or coach drivers,Female,21-24,FSC (unadjusted),2,2,2,1,1,0,3,1,1,4
Bus or coach drivers,Female,25-29,FSC (unadjusted),7,0,2,5,0,5,6,3,1,6
Bus or coach drivers,Female,30-39,FSC (unadjusted),8,9,6,8,6,6,9,10,7,9
Bus or coach drivers,Female,40-49,FSC (unadjusted),19,16,15,16,5,25,16,25,9,6
Bus or coach drivers,Female,50-59,FSC (unadjusted),12,4,11,19,10,12,18,15,9,16
Bus or coach drivers,Female,60-69,FSC (unadjusted),3,2,3,5,1,5,6,7,2,3
Bus or coach drivers,Female,70 and over,FSC (unadjusted),0,0,0,0,1,0,1,1,0,0
Bus or coach drivers,Female,All ages,FSC (unadjusted),53,34,40,56,24,53,59,65,29,47
Light goods vehicle drivers,Female,Under 16,FSC (unadjusted),0,0,1,0,0,0,0,0,0,0
Light goods vehicle drivers,Female,16,FSC (unadjusted),0,0,0,0,0,0,0,0,0,0
Light goods vehicle drivers,Female,17-20,FSC (unadjusted),2,0,1,2,0,0,2,1,2,1
Light goods vehicle drivers,Female,21-24,FSC (unadjusted),4,4,7,6,0,3,3,2,7,6
Light goods vehicle drivers,Female,25-29,FSC (unadjusted),6,10,5,7,7,8,10,7,11,14
Light goods vehicle drivers,Female,30-39,FSC (unadjusted),16,10,19,17,17,18,16,23,16,25
Light goods vehicle drivers,Female,40-49,FSC (unadjusted),25,15,21,23,20,21,17,20,19,25
Light goods vehicle drivers,Female,50-59,FSC (unadjusted),7,10,16,9,22,12,16,30,22,30
Light goods vehicle drivers,Female,60-69,FSC (unadjusted),4,5,7,5,4,2,8,6,6,11
Light goods vehicle drivers,Female,70 and over,FSC (unadjusted),0,1,1,2,3,1,5,2,1,9
Light goods vehicle drivers,Female,All ages,FSC (unadjusted),66,59,81,71,73,66,79,93,86,124
Heavy goods vehicle drivers,Female,Under 16,FSC (unadjusted),0,0,0,0,0,0,0,0,0,0
Heavy goods vehicle drivers,Female,16,FSC (unadjusted),0,0,0,0,0,0,0,0,0,0
Heavy goods vehicle drivers,Female,17-20,FSC (unadjusted),0,1,0,0,0,0,0,0,0,1
Heavy goods vehicle drivers,Female,21-24,FSC (unadjusted),2,1,1,1,0,0,0,1,0,1
Heavy goods vehicle drivers,Female,25-29,FSC (unadjusted),2,1,2,0,1,1,2,1,1,2
Heavy goods vehicle drivers,Female,30-39,FSC (unadjusted),2,6,7,4,3,5,3,3,3,4
Heavy goods vehicle drivers,Female,40-49,FSC (unadjusted),5,8,9,4,9,8,7,6,2,1
Heavy goods vehicle drivers,Female,50-59,FSC (unadjusted),3,2,4,2,2,6,8,5,3,4
Heavy goods vehicle drivers,Female,60-69,FSC (unadjusted),1,0,0,2,2,1,1,1,0,0
Heavy goods vehicle drivers,Female,70 and over,FSC (unadjusted),0,0,0,0,0,0,0,0,0,0
Heavy goods vehicle drivers,Female,All ages,FSC (unadjusted),15,19,24,13,17,21,21,18,10,13
Other or unknown vehicle drivers,Female,Under 16,FSC (unadjusted),2,1,1,1,5,4,4,4,5,12
Other or unknown vehicle drivers,Female,16,FSC (unadjusted),1,1,1,0,0,1,0,2,2,3
Other or unknown vehicle drivers,Female,17-20,FSC (unadjusted),2,7,5,0,5,3,3,1,6,12
Other or unknown vehicle drivers,Female,21-24,FSC (unadjusted),2,3,2,3,3,6,5,7,9,13
Other or unknown vehicle drivers,Female,25-29,FSC (unadjusted),3,5,4,1,7,5,5,7,10,18
Other or unknown vehicle drivers,Female,30-39,FSC (unadjusted),18,16,10,9,6,9,12,11,17,22
Other or unknown vehicle drivers,Female,40-49,FSC (unadjusted),14,14,16,11,11,16,16,17,14,11
Other or unknown vehicle drivers,Female,50-59,FSC (unadjusted),4,11,15,8,9,10,21,11,17,13
Other or unknown vehicle drivers,Female,60-69,FSC (unadjusted),13,11,9,3,9,9,14,11,5,3
Other or unknown vehicle drivers,Female,70 and over,FSC (unadjusted),25,19,19,27,19,18,22,17,6,15
Other or unknown vehicle drivers,Female,All ages,FSC (unadjusted),88,92,86,65,80,85,103,92,91,127
All drivers and riders,Female,Under 16,FSC (unadjusted),52,45,43,40,45,55,33,50,43,65
All drivers and riders,Female,16,FSC (unadjusted),18,20,23,17,25,14,15,13,11,10
All drivers and riders,Female,17-20,FSC (unadjusted),654,651,569,511,599,600,616,609,471,502
All drivers and riders,Female,21-24,FSC (unadjusted),793,740,767,737,806,796,778,790,638,807
All drivers and riders,Female,25-29,FSC (unadjusted),909,896,903,913,973,"1,008","1,066","1,096",865,944
All drivers and riders,Female,30-39,FSC (unadjusted),"1,684","1,517","1,665","1,493","1,732","1,746","1,915","1,997","1,432","1,842"
All drivers and riders,Female,40-49,FSC (unadjusted),"1,719","1,558","1,645","1,583","1,592","1,637","1,631","1,655","1,217","1,484"
All drivers and riders,Female,50-59,FSC (unadjusted),"1,226","1,116","1,321","1,273","1,404","1,423","1,594","1,591","1,210","1,407"
All drivers and riders,Female,60-69,FSC (unadjusted),747,680,771,680,807,773,886,891,681,769
All drivers and riders,Female,70 and over,FSC (unadjusted),627,656,760,698,799,858,936,964,570,724
All drivers and riders,Female,All ages,FSC (unadjusted),"8,649","8,101","8,695","8,175","8,999","9,084","9,632","9,853","7,270","8,722"
Pedal cyclists,Male,Under 16,FSC (unadjusted),277,246,253,248,284,329,313,346,301,294
Pedal cyclists,Male,16,FSC (unadjusted),49,49,54,46,45,52,54,50,53,54
Pedal cyclists,Male,17-20,FSC (unadjusted),210,169,170,155,174,168,180,167,175,219
Pedal cyclists,Male,21-24,FSC (unadjusted),219,202,204,177,195,212,181,189,183,208
Pedal cyclists,Male,25-29,FSC (unadjusted),265,265,299,235,270,300,282,264,280,313
Pedal cyclists,Male,30-39,FSC (unadjusted),579,558,555,532,561,607,636,562,529,596
Pedal cyclists,Male,40-49,FSC (unadjusted),604,620,725,682,626,650,641,637,626,549
Pedal cyclists,Male,50-59,FSC (unadjusted),365,385,475,504,530,549,546,570,647,663
Pedal cyclists,Male,60-69,FSC (unadjusted),176,170,214,189,220,241,272,263,347,296
Pedal cyclists,Male,70 and over,FSC (unadjusted),101,103,100,113,113,151,151,149,213,195
Pedal cyclists,Male,All ages,FSC (unadjusted),"2,907","2,844","3,107","2,940","3,077","3,310","3,318","3,255","3,406","3,447"
Motorcycle riders,Male,Under 16,FSC (unadjusted),10,16,21,24,27,34,47,38,36,53
Motorcycle riders,Male,16,FSC (unadjusted),185,131,127,130,127,149,106,105,89,77
Motorcycle riders,Male,17-20,FSC (unadjusted),882,870,808,795,793,786,718,727,540,791
Motorcycle riders,Male,21-24,FSC (unadjusted),606,663,725,711,780,795,685,618,473,535
Motorcycle riders,Male,25-29,FSC (unadjusted),511,525,669,677,759,858,811,821,598,605
Motorcycle riders,Male,30-39,FSC (unadjusted),872,765,917,822,962,"1,051","1,102","1,026",912,985
Motorcycle riders,Male,40-49,FSC (unadjusted),"1,048",994,973,892,920,814,833,745,557,612
Motorcycle riders,Male,50-59,FSC (unadjusted),718,745,844,802,893,868,939,909,683,855
Motorcycle riders,Male,60-69,FSC (unadjusted),277,287,293,300,331,349,382,406,331,415
Motorcycle riders,Male,70 and over,FSC (unadjusted),75,55,89,108,89,106,125,126,132,138
Motorcycle riders,Male,All ages,FSC (unadjusted),"5,257","5,123","5,536","5,328","5,756","5,855","5,807","5,569","4,384","5,115"
Car drivers,Male,Under 16,FSC (unadjusted),3,2,3,5,5,4,9,4,10,11
Car drivers,Male,16,FSC (unadjusted),8,7,8,11,4,16,17,9,15,7
Car drivers,Male,17-20,FSC (unadjusted),"1,182","1,050","1,061","1,125","1,139","1,195","1,218","1,255","1,029","1,094"
Car drivers,Male,21-24,FSC (unadjusted),"1,470","1,395","1,430","1,424","1,490","1,518","1,427","1,372","1,186","1,338"
Car drivers,Male,25-29,FSC (unadjusted),"1,619","1,546","1,623","1,623","1,813","1,823","1,877","1,829","1,512","1,707"
Car drivers,Male,30-39,FSC (unadjusted),"2,711","2,430","2,565","2,540","3,048","3,118","3,190","3,384","2,577","3,006"
Car drivers,Male,40-49,FSC (unadjusted),"2,657","2,459","2,531","2,380","2,487","2,559","2,693","2,613","2,019","2,311"
Car drivers,Male,50-59,FSC (unadjusted),"2,073","1,960","2,040","1,999","2,124","2,244","2,361","2,296","1,792","2,082"
Car drivers,Male,60-69,FSC (unadjusted),"1,360","1,372","1,488","1,373","1,427","1,416","1,541","1,530","1,142","1,299"
Car drivers,Male,70 and over,FSC (unadjusted),"1,327","1,365","1,442","1,445","1,584","1,627","1,821","1,749","1,192","1,473"
Car drivers,Male,All ages,FSC (unadjusted),"15,041","14,185","14,779","14,524","15,751","16,034","16,703","16,559","12,878","14,753"
Bus or coach drivers,Male,Under 16,FSC (unadjusted),0,0,0,0,0,0,0,0,0,0
Bus or coach drivers,Male,16,FSC (unadjusted),0,0,0,0,0,0,0,0,0,0
Bus or coach drivers,Male,17-20,FSC (unadjusted),4,2,3,2,4,5,5,6,2,2
Bus or coach drivers,Male,21-24,FSC (unadjusted),16,14,11,18,20,14,20,15,11,12
Bus or coach drivers,Male,25-29,FSC (unadjusted),46,40,31,32,39,45,47,40,16,21
Bus or coach drivers,Male,30-39,FSC (unadjusted),139,124,109,98,114,124,125,106,65,81
Bus or coach drivers,Male,40-49,FSC (unadjusted),211,192,174,143,112,167,158,158,89,87
Bus or coach drivers,Male,50-59,FSC (unadjusted),191,177,212,186,192,203,195,218,114,151
Bus or coach drivers,Male,60-69,FSC (unadjusted),107,90,94,82,85,86,97,84,57,78
Bus or coach drivers,Male,70 and over,FSC (unadjusted),7,5,10,10,8,9,12,13,9,11
Bus or coach drivers,Male,All ages,FSC (unadjusted),759,675,673,602,602,672,683,652,375,450
Light goods vehicle drivers,Male,Under 16,FSC (unadjusted),0,1,0,1,0,0,0,0,0,1
Light goods vehicle drivers,Male,16,FSC (unadjusted),1,0,0,0,0,2,0,0,1,0
Light goods vehicle drivers,Male,17-20,FSC (unadjusted),39,41,33,43,37,32,37,53,36,38
Light goods vehicle drivers,Male,21-24,FSC (unadjusted),133,119,104,115,130,116,128,115,113,150
Light goods vehicle drivers,Male,25-29,FSC (unadjusted),192,162,214,260,225,239,257,257,207,233
Light goods vehicle drivers,Male,30-39,FSC (unadjusted),348,333,378,356,427,469,528,557,482,580
Light goods vehicle drivers,Male,40-49,FSC (unadjusted),376,363,410,371,429,395,428,466,344,447
Light goods vehicle drivers,Male,50-59,FSC (unadjusted),253,274,290,297,303,349,393,411,327,436
Light goods vehicle drivers,Male,60-69,FSC (unadjusted),128,125,123,109,137,142,141,169,170,174
Light goods vehicle drivers,Male,70 and over,FSC (unadjusted),13,27,16,31,28,49,42,52,31,57
Light goods vehicle drivers,Male,All ages,FSC (unadjusted),"1,581","1,520","1,655","1,678","1,781","1,848","2,012","2,136","1,772","2,176"
Heavy goods vehicle drivers,Male,Under 16,FSC (unadjusted),0,0,0,0,0,0,0,0,0,0
Heavy goods vehicle drivers,Male,16,FSC (unadjusted),0,0,0,0,0,0,0,0,0,0
Heavy goods vehicle drivers,Male,17-20,FSC (unadjusted),5,11,4,8,10,3,10,3,5,7
Heavy goods vehicle drivers,Male,21-24,FSC (unadjusted),24,28,30,37,28,31,23,26,16,22
Heavy goods vehicle drivers,Male,25-29,FSC (unadjusted),64,64,74,78,79,103,90,70,58,52
Heavy goods vehicle drivers,Male,30-39,FSC (unadjusted),222,213,208,215,198,222,228,211,172,185
Heavy goods vehicle drivers,Male,40-49,FSC (unadjusted),408,359,355,368,305,296,274,269,199,206
Heavy goods vehicle drivers,Male,50-59,FSC (unadjusted),319,350,301,341,350,315,325,300,277,304
Heavy goods vehicle drivers,Male,60-69,FSC (unadjusted),130,121,166,142,140,116,136,124,111,126
Heavy goods vehicle drivers,Male,70 and over,FSC (unadjusted),10,13,10,9,11,14,12,19,8,8
Heavy goods vehicle drivers,Male,All ages,FSC (unadjusted),"1,211","1,188","1,173","1,223","1,156","1,120","1,124","1,042",862,928
Other or unknown vehicle drivers,Male,Under 16,FSC (unadjusted),11,4,12,7,7,10,9,10,20,57
Other or unknown vehicle drivers,Male,16,FSC (unadjusted),4,2,5,2,3,5,2,4,9,8
Other or unknown vehicle drivers,Male,17-20,FSC (unadjusted),27,26,23,25,20,21,20,20,42,75
Other or unknown vehicle drivers,Male,21-24,FSC (unadjusted),26,24,24,25,38,45,39,40,48,63
Other or unknown vehicle drivers,Male,25-29,FSC (unadjusted),32,36,39,46,45,54,69,47,56,89
Other or unknown vehicle drivers,Male,30-39,FSC (unadjusted),67,62,58,63,97,120,99,90,116,174
Other or unknown vehicle drivers,Male,40-49,FSC (unadjusted),82,70,53,65,100,119,96,84,76,92
Other or unknown vehicle drivers,Male,50-59,FSC (unadjusted),57,48,79,70,107,83,97,103,80,101
Other or unknown vehicle drivers,Male,60-69,FSC (unadjusted),47,39,27,41,44,56,61,54,42,50
Other or unknown vehicle drivers,Male,70 and over,FSC (unadjusted),37,37,48,50,48,40,61,40,40,40
Other or unknown vehicle drivers,Male,All ages,FSC (unadjusted),407,360,386,417,532,585,580,519,553,785
All drivers and riders,Male,Under 16,FSC (unadjusted),301,269,289,285,323,377,378,398,367,416
All drivers and riders,Male,16,FSC (unadjusted),247,189,194,189,179,224,179,168,167,146
All drivers and riders,Male,17-20,FSC (unadjusted),"2,349","2,169","2,102","2,153","2,177","2,210","2,188","2,231","1,829","2,226"
All drivers and riders,Male,21-24,FSC (unadjusted),"2,494","2,445","2,528","2,507","2,681","2,731","2,503","2,375","2,030","2,328"
All drivers and riders,Male,25-29,FSC (unadjusted),"2,729","2,638","2,949","2,951","3,230","3,422","3,433","3,328","2,727","3,020"
All drivers and riders,Male,30-39,FSC (unadjusted),"4,938","4,485","4,790","4,626","5,407","5,711","5,908","5,936","4,853","5,607"
All drivers and riders,Male,40-49,FSC (unadjusted),"5,386","5,057","5,221","4,901","4,979","5,000","5,123","4,972","3,910","4,304"
All drivers and riders,Male,50-59,FSC (unadjusted),"3,976","3,939","4,241","4,199","4,499","4,611","4,856","4,807","3,920","4,592"
All drivers and riders,Male,60-69,FSC (unadjusted),"2,225","2,204","2,405","2,236","2,384","2,406","2,630","2,630","2,200","2,438"
All drivers and riders,Male,70 and over,FSC (unadjusted),"1,570","1,605","1,715","1,766","1,881","1,996","2,224","2,148","1,625","1,922"
All drivers and riders,Male,All ages,FSC (unadjusted),"27,163","25,895","27,309","26,712","28,655","29,424","30,227","29,732","24,230","27,654"
Pedal cyclists,All,Under 16,FSC (unadjusted),325,288,293,287,322,377,341,390,336,345
Pedal cyclists,All,16,FSC (unadjusted),53,56,65,50,51,57,59,55,60,59
Pedal cyclists,All,17-20,FSC (unadjusted),243,201,199,182,193,196,208,200,206,240
Pedal cyclists,All,21-24,FSC (unadjusted),255,246,261,221,241,257,231,229,234,260
Pedal cyclists,All,25-29,FSC (unadjusted),358,351,368,306,335,374,378,350,381,415
Pedal cyclists,All,30-39,FSC (unadjusted),704,681,688,639,677,757,772,712,660,736
Pedal cyclists,All,40-49,FSC (unadjusted),716,734,853,809,751,780,767,771,756,684
Pedal cyclists,All,50-59,FSC (unadjusted),460,480,579,605,656,686,698,711,800,820
Pedal cyclists,All,60-69,FSC (unadjusted),210,200,261,228,262,298,318,324,427,378
Pedal cyclists,All,70 and over,FSC (unadjusted),117,119,119,142,127,168,178,172,247,229
Pedal cyclists,All,All ages,FSC (unadjusted),"3,527","3,463","3,772","3,562","3,711","4,045","4,055","4,023","4,201","4,281"
Motorcycle riders,All,Under 16,FSC (unadjusted),10,18,22,24,28,36,48,38,38,54
Motorcycle riders,All,16,FSC (unadjusted),198,143,137,142,143,156,113,111,91,79
Motorcycle riders,All,17-20,FSC (unadjusted),916,918,851,840,846,841,756,771,560,831
Motorcycle riders,All,21-24,FSC (unadjusted),638,705,767,752,835,844,727,644,499,567
Motorcycle riders,All,25-29,FSC (unadjusted),546,558,713,709,794,892,851,865,636,643
Motorcycle riders,All,30-39,FSC (unadjusted),946,824,977,875,"1,015","1,118","1,166","1,093",971,"1,052"
Motorcycle riders,All,40-49,FSC (unadjusted),"1,129","1,079","1,037",949,976,879,894,798,597,675
Motorcycle riders,All,50-59,FSC (unadjusted),753,775,910,855,941,925,998,982,729,911
Motorcycle riders,All,60-69,FSC (unadjusted),291,296,299,307,342,363,395,412,346,433
Motorcycle riders,All,70 and over,FSC (unadjusted),78,57,90,110,93,110,128,131,133,140
Motorcycle riders,All,All ages,FSC (unadjusted),"5,628","5,482","5,926","5,699","6,144","6,319","6,237","6,006","4,727","5,541"
Car drivers,All,Under 16,FSC (unadjusted),5,2,3,5,6,5,9,6,11,12
Car drivers,All,16,FSC (unadjusted),8,8,9,12,7,22,25,14,18,10
Car drivers,All,17-20,FSC (unadjusted),"1,769","1,616","1,557","1,572","1,670","1,733","1,790","1,810","1,471","1,545"
Car drivers,All,21-24,FSC (unadjusted),"2,192","2,045","2,094","2,074","2,203","2,221","2,114","2,089","1,744","2,068"
Car drivers,All,25-29,FSC (unadjusted),"2,396","2,320","2,408","2,434","2,680","2,721","2,826","2,802","2,231","2,504"
Car drivers,All,30-39,FSC (unadjusted),"4,207","3,767","4,038","3,888","4,657","4,712","4,971","5,224","3,875","4,762"
Car drivers,All,40-49,FSC (unadjusted),"4,140","3,785","3,944","3,746","3,894","3,971","4,130","4,068","3,079","3,614"
Car drivers,All,50-59,FSC (unadjusted),"3,156","2,933","3,156","3,096","3,333","3,452","3,699","3,641","2,786","3,250"
Car drivers,All,60-69,FSC (unadjusted),"2,041","2,005","2,190","2,001","2,175","2,106","2,348","2,345","1,724","1,965"
Car drivers,All,70 and over,FSC (unadjusted),"1,912","1,986","2,165","2,085","2,346","2,447","2,705","2,673","1,726","2,149"
Car drivers,All,All ages,FSC (unadjusted),"24,185","22,753","23,851","23,298","25,462","26,153","27,607","27,677","21,081","24,808"
Bus or coach drivers,All,Under 16,FSC (unadjusted),0,0,0,0,0,0,0,0,0,0
Bus or coach drivers,All,16,FSC (unadjusted),0,0,0,0,0,0,0,0,0,0
Bus or coach drivers,All,17-20,FSC (unadjusted),4,2,4,2,4,5,5,7,3,3
Bus or coach drivers,All,21-24,FSC (unadjusted),18,16,13,19,21,15,23,18,12,16
Bus or coach drivers,All,25-29,FSC (unadjusted),54,40,34,37,39,50,53,43,17,27
Bus or coach drivers,All,30-39,FSC (unadjusted),148,133,116,107,122,134,134,116,75,95
Bus or coach drivers,All,40-49,FSC (unadjusted),231,208,190,159,119,193,177,185,99,94
Bus or coach drivers,All,50-59,FSC (unadjusted),203,181,224,206,203,215,213,234,123,168
Bus or coach drivers,All,60-69,FSC (unadjusted),110,92,98,88,86,91,103,92,59,81
Bus or coach drivers,All,70 and over,FSC (unadjusted),7,5,10,10,9,9,13,14,9,11
Bus or coach drivers,All,All ages,FSC (unadjusted),872,765,776,700,667,772,782,756,445,549
Light goods vehicle drivers,All,Under 16,FSC (unadjusted),0,1,1,1,0,0,0,0,0,1
Light goods vehicle drivers,All,16,FSC (unadjusted),1,0,0,0,0,2,1,0,1,0
Light goods vehicle drivers,All,17-20,FSC (unadjusted),41,41,34,46,38,35,39,57,43,41
Light goods vehicle drivers,All,21-24,FSC (unadjusted),137,123,112,122,130,120,131,119,120,157
Light goods vehicle drivers,All,25-29,FSC (unadjusted),200,172,219,268,232,247,269,268,219,251
Light goods vehicle drivers,All,30-39,FSC (unadjusted),366,347,402,377,448,493,554,591,510,625
Light goods vehicle drivers,All,40-49,FSC (unadjusted),403,382,434,400,454,417,447,493,369,481
Light goods vehicle drivers,All,50-59,FSC (unadjusted),260,284,307,308,325,363,410,446,354,472
Light goods vehicle drivers,All,60-69,FSC (unadjusted),132,130,130,114,141,144,151,176,178,185
Light goods vehicle drivers,All,70 and over,FSC (unadjusted),13,28,17,33,31,50,48,54,32,68
Light goods vehicle drivers,All,All ages,FSC (unadjusted),"1,792","1,703","1,909","1,900","2,016","2,117","2,289","2,470","2,056","2,582"
Heavy goods vehicle drivers,All,Under 16,FSC (unadjusted),0,0,0,0,0,0,0,0,0,0
Heavy goods vehicle drivers,All,16,FSC (unadjusted),0,0,0,0,0,0,1,0,0,0
Heavy goods vehicle drivers,All,17-20,FSC (unadjusted),5,12,4,8,10,4,10,3,6,8
Heavy goods vehicle drivers,All,21-24,FSC (unadjusted),26,29,31,39,28,32,23,27,16,23
Heavy goods vehicle drivers,All,25-29,FSC (unadjusted),66,65,76,78,80,104,92,71,60,54
Heavy goods vehicle drivers,All,30-39,FSC (unadjusted),227,221,217,220,207,228,237,218,178,191
Heavy goods vehicle drivers,All,40-49,FSC (unadjusted),415,371,365,372,316,305,285,277,201,209
Heavy goods vehicle drivers,All,50-59,FSC (unadjusted),324,354,305,346,355,326,334,306,282,310
Heavy goods vehicle drivers,All,60-69,FSC (unadjusted),131,121,166,144,142,117,137,125,111,128
Heavy goods vehicle drivers,All,70 and over,FSC (unadjusted),10,13,10,9,11,14,13,19,8,8
Heavy goods vehicle drivers,All,All ages,FSC (unadjusted),"1,301","1,275","1,246","1,291","1,220","1,202","1,207","1,116",915,986
Other or unknown vehicle drivers,All,Under 16,FSC (unadjusted),13,5,13,9,12,14,13,14,25,69
Other or unknown vehicle drivers,All,16,FSC (unadjusted),5,3,6,2,3,6,2,7,11,11
Other or unknown vehicle drivers,All,17-20,FSC (unadjusted),29,33,29,26,25,24,24,24,49,91
Other or unknown vehicle drivers,All,21-24,FSC (unadjusted),28,27,26,29,42,52,44,48,57,76
Other or unknown vehicle drivers,All,25-29,FSC (unadjusted),35,41,43,47,52,60,76,54,67,108
Other or unknown vehicle drivers,All,30-39,FSC (unadjusted),85,79,70,75,112,142,121,109,141,219
Other or unknown vehicle drivers,All,40-49,FSC (unadjusted),97,84,71,79,118,139,117,105,93,105
Other or unknown vehicle drivers,All,50-59,FSC (unadjusted),62,60,94,78,118,96,120,117,99,118
Other or unknown vehicle drivers,All,60-69,FSC (unadjusted),60,51,36,44,53,65,76,68,47,54
Other or unknown vehicle drivers,All,70 and over,FSC (unadjusted),62,56,67,77,68,59,83,57,46,55
Other or unknown vehicle drivers,All,All ages,FSC (unadjusted),554,512,531,556,763,840,868,782,778,"1,096"
All drivers and riders,All,Under 16,FSC (unadjusted),353,314,332,326,368,432,411,448,410,481
All drivers and riders,All,16,FSC (unadjusted),265,210,217,206,204,243,201,187,181,159
All drivers and riders,All,17-20,FSC (unadjusted),"3,007","2,823","2,678","2,676","2,786","2,838","2,832","2,872","2,338","2,759"
All drivers and riders,All,21-24,FSC (unadjusted),"3,294","3,191","3,304","3,256","3,500","3,541","3,293","3,174","2,682","3,167"
All drivers and riders,All,25-29,FSC (unadjusted),"3,655","3,547","3,861","3,879","4,212","4,448","4,545","4,453","3,611","4,002"
All drivers and riders,All,30-39,FSC (unadjusted),"6,683","6,052","6,508","6,181","7,238","7,584","7,955","8,063","6,410","7,680"
All drivers and riders,All,40-49,FSC (unadjusted),"7,131","6,643","6,894","6,514","6,628","6,684","6,817","6,697","5,194","5,862"
All drivers and riders,All,50-59,FSC (unadjusted),"5,218","5,067","5,575","5,494","5,931","6,063","6,472","6,437","5,173","6,049"
All drivers and riders,All,60-69,FSC (unadjusted),"2,975","2,895","3,180","2,926","3,201","3,184","3,528","3,542","2,892","3,224"
All drivers and riders,All,70 and over,FSC (unadjusted),"2,199","2,264","2,478","2,466","2,685","2,857","3,168","3,120","2,201","2,660"
All drivers and riders,All,All ages,FSC (unadjusted),"37,859","35,953","38,011","37,006","39,983","41,448","43,045","42,830","34,203","39,843"
Pedal cyclists,Female,Under 16,FSC (adjusted),72,63,60,57,49,60,39,52,43,59
Pedal cyclists,Female,16,FSC (adjusted),6,9,14,7,6,7,6,6,8,7
Pedal cyclists,Female,17-20,FSC (adjusted),43,43,42,39,28,34,34,38,35,23
Pedal cyclists,Female,21-24,FSC (adjusted),59,69,85,69,64,57,58,48,56,55
Pedal cyclists,Female,25-29,FSC (adjusted),130,123,113,109,94,88,111,95,110,106
Pedal cyclists,Female,30-39,FSC (adjusted),178,180,203,159,156,170,153,166,141,146
Pedal cyclists,Female,40-49,FSC (adjusted),156,158,182,169,154,151,148,150,146,144
Pedal cyclists,Female,50-59,FSC (adjusted),121,124,142,133,147,153,177,157,170,171
Pedal cyclists,Female,60-69,FSC (adjusted),43,40,59,48,50,61,54,68,88,88
Pedal cyclists,Female,70 and over,FSC (adjusted),21,21,24,33,17,20,31,25,37,36
Pedal cyclists,Female,All ages,FSC (adjusted),839,846,936,840,779,813,819,813,837,847
Motorcycle riders,Female,Under 16,FSC (adjusted),0,2,1,0,1,2,1,0,2,1
Motorcycle riders,Female,16,FSC (adjusted),20,17,16,17,20,10,9,8,2,3
Motorcycle riders,Female,17-20,FSC (adjusted),61,71,66,63,66,60,45,48,17,41
Motorcycle riders,Female,21-24,FSC (adjusted),50,58,57,58,67,57,49,31,31,34
Motorcycle riders,Female,25-29,FSC (adjusted),50,47,61,48,46,40,46,49,40,41
Motorcycle riders,Female,30-39,FSC (adjusted),98,86,85,74,63,74,68,69,59,64
Motorcycle riders,Female,40-49,FSC (adjusted),107,113,89,80,71,73,67,57,45,64
Motorcycle riders,Female,50-59,FSC (adjusted),47,42,81,64,56,61,68,79,52,58
Motorcycle riders,Female,60-69,FSC (adjusted),17,12,8,10,15,15,14,6,15,18
Motorcycle riders,Female,70 and over,FSC (adjusted),4,3,2,3,5,4,4,5,1,2
Motorcycle riders,Female,All ages,FSC (adjusted),461,454,469,422,414,399,375,351,266,327
Car drivers,Female,Under 16,FSC (adjusted),2,0,0,0,1,1,0,2,2,1
Car drivers,Female,16,FSC (adjusted),0,0,1,1,3,1,3,0,1,0
Car drivers,Female,17-20,FSC (adjusted),926,857,777,682,689,669,680,629,479,488
Car drivers,Female,21-24,FSC (adjusted),"1,129","1,031","1,047",989,950,878,831,839,625,783
Car drivers,Female,25-29,FSC (adjusted),"1,200","1,179","1,228","1,220","1,157","1,127","1,128","1,115",812,860
Car drivers,Female,30-39,FSC (adjusted),"2,215","2,028","2,218","2,033","2,033","1,904","2,081","2,062","1,393","1,770"
Car drivers,Female,40-49,FSC (adjusted),"2,274","2,040","2,169","2,055","1,846","1,733","1,711","1,638","1,156","1,402"
Car drivers,Female,50-59,FSC (adjusted),"1,594","1,466","1,694","1,614","1,565","1,496","1,611","1,537","1,091","1,272"
Car drivers,Female,60-69,FSC (adjusted),977,912,"1,013",904,952,856,960,932,643,725
Car drivers,Female,70 and over,FSC (adjusted),800,856,975,881,937,986,"1,036","1,049",601,746
Car drivers,Female,All ages,FSC (adjusted),"11,438","10,680","11,456","10,705","10,408","9,852","10,227","10,024","6,946","8,221"
Bus or coach drivers,Female,Under 16,FSC (adjusted),0,0,0,0,0,0,0,0,0,0
Bus or coach drivers,Female,16,FSC (adjusted),0,0,0,0,0,0,0,0,0,0
Bus or coach drivers,Female,17-20,FSC (adjusted),0,0,0,0,0,0,0,1,0,1
Bus or coach drivers,Female,21-24,FSC (adjusted),3,3,2,1,2,0,3,1,1,4
Bus or coach drivers,Female,25-29,FSC (adjusted),8,2,3,6,1,5,7,4,1,6
Bus or coach drivers,Female,30-39,FSC (adjusted),14,13,10,13,9,8,10,10,7,9
Bus or coach drivers,Female,40-49,FSC (adjusted),28,24,25,22,10,28,18,27,10,6
Bus or coach drivers,Female,50-59,FSC (adjusted),18,10,17,24,13,14,20,17,10,17
Bus or coach drivers,Female,60-69,FSC (adjusted),4,3,4,6,2,6,6,7,2,3
Bus or coach drivers,Female,70 and over,FSC (adjusted),0,0,0,0,1,0,1,1,0,0
Bus or coach drivers,Female,All ages,FSC (adjusted),77,57,65,76,38,62,65,70,32,49
Light goods vehicle drivers,Female,Under 16,FSC (adjusted),0,0,1,0,0,0,0,0,0,0
Light goods vehicle drivers,Female,16,FSC (adjusted),0,0,0,0,0,0,0,0,0,0
Light goods vehicle drivers,Female,17-20,FSC (adjusted),3,1,2,3,1,0,2,1,2,1
Light goods vehicle drivers,Female,21-24,FSC (adjusted),6,6,9,9,1,4,4,3,8,8
Light goods vehicle drivers,Female,25-29,FSC (adjusted),10,13,9,10,11,11,12,10,12,16
Light goods vehicle drivers,Female,30-39,FSC (adjusted),22,16,28,22,21,23,19,26,19,27
Light goods vehicle drivers,Female,40-49,FSC (adjusted),32,23,30,32,25,25,20,23,21,27
Light goods vehicle drivers,Female,50-59,FSC (adjusted),12,14,22,15,27,16,19,33,24,33
Light goods vehicle drivers,Female,60-69,FSC (adjusted),5,6,10,7,6,3,9,8,7,12
Light goods vehicle drivers,Female,70 and over,FSC (adjusted),0,1,2,2,4,2,6,2,1,9
Light goods vehicle drivers,Female,All ages,FSC (adjusted),93,85,118,102,98,86,94,109,97,136
Heavy goods vehicle drivers,Female,Under 16,FSC (adjusted),0,0,0,0,0,0,0,0,0,0
Heavy goods vehicle drivers,Female,16,FSC (adjusted),0,0,0,0,0,0,0,0,0,0
Heavy goods vehicle drivers,Female,17-20,FSC (adjusted),0,1,0,0,0,0,0,0,0,1
Heavy goods vehicle drivers,Female,21-24,FSC (adjusted),2,1,1,1,0,1,0,1,0,1
Heavy goods vehicle drivers,Female,25-29,FSC (adjusted),2,1,2,1,1,1,3,1,1,2
Heavy goods vehicle drivers,Female,30-39,FSC (adjusted),3,7,8,5,4,5,3,3,3,4
Heavy goods vehicle drivers,Female,40-49,FSC (adjusted),7,10,10,6,10,9,7,7,2,2
Heavy goods vehicle drivers,Female,50-59,FSC (adjusted),4,3,5,3,2,7,9,5,3,5
Heavy goods vehicle drivers,Female,60-69,FSC (adjusted),1,0,0,2,3,1,1,1,0,0
Heavy goods vehicle drivers,Female,70 and over,FSC (adjusted),1,0,0,0,0,0,0,0,0,0
Heavy goods vehicle drivers,Female,All ages,FSC (adjusted),20,23,28,18,20,24,24,20,11,15
Other or unknown vehicle drivers,Female,Under 16,FSC (adjusted),4,2,2,2,6,5,4,5,6,15
Other or unknown vehicle drivers,Female,16,FSC (adjusted),1,1,1,0,0,0,0,2,2,4
Other or unknown vehicle drivers,Female,17-20,FSC (adjusted),4,8,6,1,6,3,4,1,7,14
Other or unknown vehicle drivers,Female,21-24,FSC (adjusted),4,5,3,5,4,6,5,8,9,14
Other or unknown vehicle drivers,Female,25-29,FSC (adjusted),5,6,5,2,8,7,6,8,11,20
Other or unknown vehicle drivers,Female,30-39,FSC (adjusted),23,19,13,12,8,13,14,12,18,24
Other or unknown vehicle drivers,Female,40-49,FSC (adjusted),19,18,22,15,13,19,19,19,15,13
Other or unknown vehicle drivers,Female,50-59,FSC (adjusted),8,13,21,10,11,12,23,12,19,15
Other or unknown vehicle drivers,Female,60-69,FSC (adjusted),15,13,11,6,11,10,15,13,6,4
Other or unknown vehicle drivers,Female,70 and over,FSC (adjusted),28,23,24,30,23,21,24,18,7,17
Other or unknown vehicle drivers,Female,All ages,FSC (adjusted),117,113,113,86,97,101,117,102,100,146
All drivers and riders,Female,Under 16,FSC (adjusted),78,67,63,59,57,68,44,59,53,76
All drivers and riders,Female,16,FSC (adjusted),28,27,32,26,30,19,18,16,13,13
All drivers and riders,Female,17-20,FSC (adjusted),"1,038",981,893,788,791,766,764,719,540,569
All drivers and riders,Female,21-24,FSC (adjusted),"1,253","1,174","1,205","1,134","1,088","1,004",951,931,730,899
All drivers and riders,Female,25-29,FSC (adjusted),"1,406","1,370","1,423","1,396","1,318","1,279","1,313","1,282",986,"1,050"
All drivers and riders,Female,30-39,FSC (adjusted),"2,553","2,349","2,566","2,318","2,294","2,198","2,349","2,349","1,641","2,044"
All drivers and riders,Female,40-49,FSC (adjusted),"2,622","2,385","2,528","2,378","2,127","2,037","1,990","1,920","1,395","1,658"
All drivers and riders,Female,50-59,FSC (adjusted),"1,804","1,673","1,983","1,863","1,823","1,759","1,928","1,840","1,369","1,571"
All drivers and riders,Female,60-69,FSC (adjusted),"1,062",986,"1,105",984,"1,038",953,"1,060","1,035",761,851
All drivers and riders,Female,70 and over,FSC (adjusted),854,904,"1,027",949,987,"1,032","1,101","1,100",648,810
All drivers and riders,Female,All ages,FSC (adjusted),"13,046","12,258","13,184","12,248","11,854","11,337","11,721","11,489","8,290","9,741"
Pedal cyclists,Male,Under 16,FSC (adjusted),418,375,385,370,375,426,398,421,360,343
Pedal cyclists,Male,16,FSC (adjusted),69,70,79,66,63,66,66,59,61,63
Pedal cyclists,Male,17-20,FSC (adjusted),295,256,259,225,228,212,219,199,204,252
Pedal cyclists,Male,21-24,FSC (adjusted),324,309,319,274,265,256,221,227,210,230
Pedal cyclists,Male,25-29,FSC (adjusted),398,411,462,370,372,359,334,306,318,344
Pedal cyclists,Male,30-39,FSC (adjusted),843,839,866,786,751,711,743,654,603,662
Pedal cyclists,Male,40-49,FSC (adjusted),862,899,"1,026",934,810,776,750,723,694,604
Pedal cyclists,Male,50-59,FSC (adjusted),508,539,663,677,664,652,652,647,718,730
Pedal cyclists,Male,60-69,FSC (adjusted),238,232,290,249,274,285,320,298,385,334
Pedal cyclists,Male,70 and over,FSC (adjusted),132,137,134,144,136,171,173,168,232,217
Pedal cyclists,Male,All ages,FSC (adjusted),"4,182","4,176","4,570","4,180","4,017","3,973","3,943","3,764","3,843","3,844"
Motorcycle riders,Male,Under 16,FSC (adjusted),15,21,23,28,29,36,49,39,37,54
Motorcycle riders,Male,16,FSC (adjusted),266,195,183,175,153,170,124,117,99,88
Motorcycle riders,Male,17-20,FSC (adjusted),"1,204","1,172","1,127","1,093",978,907,823,805,597,867
Motorcycle riders,Male,21-24,FSC (adjusted),828,901,988,988,980,885,760,677,512,582
Motorcycle riders,Male,25-29,FSC (adjusted),725,746,923,942,950,952,902,888,650,650
Motorcycle riders,Male,30-39,FSC (adjusted),"1,182","1,067","1,247","1,149","1,186","1,152","1,215","1,115",983,"1,053"
Motorcycle riders,Male,40-49,FSC (adjusted),"1,364","1,301","1,278","1,170","1,097",907,922,806,604,654
Motorcycle riders,Male,50-59,FSC (adjusted),927,942,"1,072","1,023","1,045",974,"1,036",989,740,911
Motorcycle riders,Male,60-69,FSC (adjusted),351,360,379,379,384,390,429,448,356,445
Motorcycle riders,Male,70 and over,FSC (adjusted),91,75,110,131,103,122,139,138,141,150
Motorcycle riders,Male,All ages,FSC (adjusted),"7,063","6,889","7,434","7,187","7,008","6,546","6,464","6,077","4,758","5,507"
Car drivers,Male,Under 16,FSC (adjusted),4,4,5,7,5,5,10,5,10,11
Car drivers,Male,16,FSC (adjusted),12,9,10,15,6,18,18,10,16,8
Car drivers,Male,17-20,FSC (adjusted),"1,788","1,553","1,613","1,647","1,476","1,473","1,467","1,444","1,161","1,210"
Car drivers,Male,21-24,FSC (adjusted),"2,146","2,030","2,109","2,056","1,907","1,826","1,707","1,574","1,340","1,465"
Car drivers,Male,25-29,FSC (adjusted),"2,391","2,263","2,397","2,388","2,342","2,214","2,221","2,098","1,691","1,863"
Car drivers,Male,30-39,FSC (adjusted),"4,062","3,691","3,921","3,826","3,971","3,818","3,856","3,888","2,929","3,311"
Car drivers,Male,40-49,FSC (adjusted),"3,982","3,719","3,819","3,569","3,294","3,109","3,220","3,006","2,286","2,550"
Car drivers,Male,50-59,FSC (adjusted),"3,030","2,900","3,042","2,954","2,812","2,752","2,842","2,657","2,024","2,291"
Car drivers,Male,60-69,FSC (adjusted),"2,006","1,998","2,165","1,997","1,863","1,749","1,853","1,772","1,292","1,462"
Car drivers,Male,70 and over,FSC (adjusted),"1,898","1,945","2,069","2,013","1,991","1,972","2,184","2,010","1,360","1,652"
Car drivers,Male,All ages,FSC (adjusted),"22,317","21,035","22,116","21,441","20,563","19,565","20,054","19,083","14,582","16,319"
Bus or coach drivers,Male,Under 16,FSC (adjusted),0,0,0,0,0,0,0,0,0,0
Bus or coach drivers,Male,16,FSC (adjusted),0,0,0,0,0,0,0,0,0,0
Bus or coach drivers,Male,17-20,FSC (adjusted),6,4,3,3,4,5,6,6,2,2
Bus or coach drivers,Male,21-24,FSC (adjusted),25,21,18,25,25,18,25,16,12,13
Bus or coach drivers,Male,25-29,FSC (adjusted),68,60,49,49,53,52,53,44,17,22
Bus or coach drivers,Male,30-39,FSC (adjusted),201,174,163,144,148,143,141,116,68,86
Bus or coach drivers,Male,40-49,FSC (adjusted),307,285,262,224,162,199,182,174,93,95
Bus or coach drivers,Male,50-59,FSC (adjusted),270,261,301,271,255,237,229,242,124,159
Bus or coach drivers,Male,60-69,FSC (adjusted),147,127,132,115,108,101,110,93,61,83
Bus or coach drivers,Male,70 and over,FSC (adjusted),9,8,14,12,10,11,13,15,9,12
Bus or coach drivers,Male,All ages,FSC (adjusted),"1,087",982,985,888,804,787,788,721,401,480
Light goods vehicle drivers,Male,Under 16,FSC (adjusted),0,0,0,1,0,0,0,0,0,1
Light goods vehicle drivers,Male,16,FSC (adjusted),1,0,0,0,0,2,0,0,1,0
Light goods vehicle drivers,Male,17-20,FSC (adjusted),57,59,46,58,47,39,44,58,40,42
Light goods vehicle drivers,Male,21-24,FSC (adjusted),182,165,155,158,163,139,147,130,126,161
Light goods vehicle drivers,Male,25-29,FSC (adjusted),268,247,308,358,290,293,299,291,230,258
Light goods vehicle drivers,Male,30-39,FSC (adjusted),494,479,545,518,552,558,611,619,533,634
Light goods vehicle drivers,Male,40-49,FSC (adjusted),529,525,581,533,530,469,494,516,377,488
Light goods vehicle drivers,Male,50-59,FSC (adjusted),356,389,413,418,394,419,457,464,361,480
Light goods vehicle drivers,Male,60-69,FSC (adjusted),171,174,173,155,169,171,163,193,191,191
Light goods vehicle drivers,Male,70 and over,FSC (adjusted),22,38,24,42,35,56,48,58,34,62
Light goods vehicle drivers,Male,All ages,FSC (adjusted),"2,225","2,194","2,378","2,381","2,279","2,217","2,338","2,402","1,967","2,389"
Heavy goods vehicle drivers,Male,Under 16,FSC (adjusted),0,0,0,0,0,0,0,0,0,0
Heavy goods vehicle drivers,Male,16,FSC (adjusted),0,0,0,0,0,0,0,0,0,0
Heavy goods vehicle drivers,Male,17-20,FSC (adjusted),8,12,6,9,11,4,11,3,5,7
Heavy goods vehicle drivers,Male,21-24,FSC (adjusted),33,34,42,45,34,35,27,29,18,24
Heavy goods vehicle drivers,Male,25-29,FSC (adjusted),87,87,98,101,96,115,98,78,63,56
Heavy goods vehicle drivers,Male,30-39,FSC (adjusted),288,273,277,269,236,255,252,229,185,199
Heavy goods vehicle drivers,Male,40-49,FSC (adjusted),513,459,459,455,352,337,309,289,215,222
Heavy goods vehicle drivers,Male,50-59,FSC (adjusted),396,432,392,422,405,355,364,327,297,325
Heavy goods vehicle drivers,Male,60-69,FSC (adjusted),164,151,200,174,159,135,155,135,119,134
Heavy goods vehicle drivers,Male,70 and over,FSC (adjusted),14,16,13,13,13,16,14,20,9,9
Heavy goods vehicle drivers,Male,All ages,FSC (adjusted),"1,544","1,506","1,523","1,527","1,350","1,277","1,261","1,136",931,997
Other or unknown vehicle drivers,Male,Under 16,FSC (adjusted),13,5,13,9,8,11,10,11,21,62
Other or unknown vehicle drivers,Male,16,FSC (adjusted),5,3,5,3,3,6,2,4,10,10
Other or unknown vehicle drivers,Male,17-20,FSC (adjusted),33,32,31,30,22,27,24,22,45,82
Other or unknown vehicle drivers,Male,21-24,FSC (adjusted),37,31,35,34,43,52,43,43,52,69
Other or unknown vehicle drivers,Male,25-29,FSC (adjusted),51,48,52,54,51,62,77,52,61,95
Other or unknown vehicle drivers,Male,30-39,FSC (adjusted),102,83,85,85,111,137,116,99,124,186
Other or unknown vehicle drivers,Male,40-49,FSC (adjusted),123,97,80,86,120,135,110,92,81,99
Other or unknown vehicle drivers,Male,50-59,FSC (adjusted),84,72,103,94,127,97,116,114,88,109
Other or unknown vehicle drivers,Male,60-69,FSC (adjusted),63,56,42,56,56,67,68,61,48,57
Other or unknown vehicle drivers,Male,70 and over,FSC (adjusted),49,50,61,63,59,49,71,47,44,45
Other or unknown vehicle drivers,Male,All ages,FSC (adjusted),584,496,534,546,630,680,668,575,601,855
All drivers and riders,Male,Under 16,FSC (adjusted),451,406,427,415,416,478,468,477,429,471
All drivers and riders,Male,16,FSC (adjusted),353,277,277,259,225,262,211,191,187,168
All drivers and riders,Male,17-20,FSC (adjusted),"3,390","3,087","3,086","3,066","2,767","2,668","2,593","2,537","2,055","2,462"
All drivers and riders,Male,21-24,FSC (adjusted),"3,576","3,492","3,667","3,580","3,417","3,211","2,932","2,697","2,270","2,544"
All drivers and riders,Male,25-29,FSC (adjusted),"3,988","3,862","4,289","4,262","4,155","4,046","3,984","3,757","3,030","3,289"
All drivers and riders,Male,30-39,FSC (adjusted),"7,171","6,607","7,104","6,777","6,955","6,775","6,934","6,720","5,427","6,132"
All drivers and riders,Male,40-49,FSC (adjusted),"7,680","7,284","7,505","6,971","6,366","5,930","5,986","5,606","4,350","4,711"
All drivers and riders,Male,50-59,FSC (adjusted),"5,571","5,536","5,986","5,859","5,702","5,485","5,696","5,440","4,352","5,006"
All drivers and riders,Male,60-69,FSC (adjusted),"3,139","3,099","3,381","3,125","3,012","2,898","3,098","3,000","2,451","2,706"
All drivers and riders,Male,70 and over,FSC (adjusted),"2,215","2,269","2,425","2,416","2,347","2,396","2,643","2,455","1,828","2,146"
All drivers and riders,Male,All ages,FSC (adjusted),"39,002","37,278","39,540","38,150","36,651","35,045","35,517","33,758","27,083","30,391"
Pedal cyclists,All,Under 16,FSC (adjusted),490,439,445,427,424,486,437,474,403,402
Pedal cyclists,All,16,FSC (adjusted),75,79,92,74,69,73,72,65,69,69
Pedal cyclists,All,17-20,FSC (adjusted),340,299,301,265,257,248,254,237,239,277
Pedal cyclists,All,21-24,FSC (adjusted),383,378,403,343,329,313,279,274,266,287
Pedal cyclists,All,25-29,FSC (adjusted),529,534,575,479,467,449,446,405,427,452
Pedal cyclists,All,30-39,FSC (adjusted),"1,020","1,020","1,069",945,909,886,899,825,749,814
Pedal cyclists,All,40-49,FSC (adjusted),"1,019","1,057","1,209","1,104",965,927,899,873,841,750
Pedal cyclists,All,50-59,FSC (adjusted),629,664,805,810,812,807,829,803,887,903
Pedal cyclists,All,60-69,FSC (adjusted),280,273,349,298,324,346,374,366,473,422
Pedal cyclists,All,70 and over,FSC (adjusted),153,157,157,177,153,192,203,194,269,252
Pedal cyclists,All,All ages,FSC (adjusted),"5,052","5,053","5,540","5,056","4,836","4,835","4,812","4,632","4,728","4,757"
Motorcycle riders,All,Under 16,FSC (adjusted),15,23,24,28,30,38,50,40,39,55
Motorcycle riders,All,16,FSC (adjusted),286,212,199,192,173,179,133,125,102,90
Motorcycle riders,All,17-20,FSC (adjusted),"1,265","1,243","1,196","1,156","1,045",971,869,856,619,911
Motorcycle riders,All,21-24,FSC (adjusted),879,958,"1,047","1,048","1,047",943,809,708,544,618
Motorcycle riders,All,25-29,FSC (adjusted),777,793,985,989,996,993,951,937,692,693
Motorcycle riders,All,30-39,FSC (adjusted),"1,282","1,153","1,333","1,225","1,254","1,231","1,288","1,189","1,047","1,125"
Motorcycle riders,All,40-49,FSC (adjusted),"1,471","1,414","1,367","1,250","1,168",981,991,864,649,723
Motorcycle riders,All,50-59,FSC (adjusted),975,984,"1,153","1,088","1,102","1,037","1,104","1,068",792,972
Motorcycle riders,All,60-69,FSC (adjusted),369,373,386,389,398,406,443,455,371,465
Motorcycle riders,All,70 and over,FSC (adjusted),95,78,112,134,108,126,143,143,142,152
Motorcycle riders,All,All ages,FSC (adjusted),"7,597","7,396","7,984","7,703","7,504","7,076","6,958","6,560","5,136","5,971"
Car drivers,All,Under 16,FSC (adjusted),6,4,5,7,7,6,10,7,12,12
Car drivers,All,16,FSC (adjusted),12,10,11,16,9,24,26,15,19,11
Car drivers,All,17-20,FSC (adjusted),"2,721","2,415","2,395","2,343","2,179","2,162","2,172","2,098","1,665","1,719"
Car drivers,All,21-24,FSC (adjusted),"3,284","3,071","3,168","3,056","2,870","2,715","2,552","2,418","1,978","2,276"
Car drivers,All,25-29,FSC (adjusted),"3,606","3,459","3,640","3,628","3,511","3,359","3,392","3,239","2,518","2,752"
Car drivers,All,30-39,FSC (adjusted),"6,357","5,792","6,209","5,933","6,086","5,825","6,048","6,059","4,420","5,258"
Car drivers,All,40-49,FSC (adjusted),"6,289","5,790","6,022","5,653","5,187","4,885","4,980","4,702","3,509","4,012"
Car drivers,All,50-59,FSC (adjusted),"4,641","4,380","4,752","4,589","4,402","4,266","4,475","4,225","3,151","3,598"
Car drivers,All,60-69,FSC (adjusted),"2,987","2,921","3,183","2,916","2,829","2,613","2,826","2,719","1,944","2,200"
Car drivers,All,70 and over,FSC (adjusted),"2,701","2,805","3,050","2,897","2,934","2,961","3,227","3,066","1,968","2,410"
Car drivers,All,All ages,FSC (adjusted),"36,182","34,113","35,997","34,659","33,436","32,209","33,332","32,063","23,954","27,495"
Bus or coach drivers,All,Under 16,FSC (adjusted),0,0,0,0,0,0,0,0,0,0
Bus or coach drivers,All,16,FSC (adjusted),0,0,0,0,0,0,0,0,0,0
Bus or coach drivers,All,17-20,FSC (adjusted),6,4,5,3,5,5,6,7,3,3
Bus or coach drivers,All,21-24,FSC (adjusted),28,24,20,26,26,20,28,19,13,17
Bus or coach drivers,All,25-29,FSC (adjusted),77,62,53,56,54,58,60,48,19,28
Bus or coach drivers,All,30-39,FSC (adjusted),217,188,175,158,159,156,152,127,79,100
Bus or coach drivers,All,40-49,FSC (adjusted),336,309,288,247,175,228,203,203,104,102
Bus or coach drivers,All,50-59,FSC (adjusted),289,272,320,297,269,251,249,260,135,177
Bus or coach drivers,All,60-69,FSC (adjusted),151,130,138,122,110,106,116,102,63,86
Bus or coach drivers,All,70 and over,FSC (adjusted),9,8,14,12,12,11,15,16,9,12
Bus or coach drivers,All,All ages,FSC (adjusted),"1,245","1,117","1,136","1,025",897,906,903,836,477,585
Light goods vehicle drivers,All,Under 16,FSC (adjusted),0,0,1,1,0,0,0,0,0,1
Light goods vehicle drivers,All,16,FSC (adjusted),1,0,0,0,0,2,1,0,1,0
Light goods vehicle drivers,All,17-20,FSC (adjusted),60,60,48,62,49,42,46,62,47,45
Light goods vehicle drivers,All,21-24,FSC (adjusted),188,172,166,169,165,145,152,135,135,169
Light goods vehicle drivers,All,25-29,FSC (adjusted),280,260,317,369,302,303,313,305,243,278
Light goods vehicle drivers,All,30-39,FSC (adjusted),520,501,581,546,578,588,641,657,565,683
Light goods vehicle drivers,All,40-49,FSC (adjusted),563,553,614,572,561,495,516,546,405,524
Light goods vehicle drivers,All,50-59,FSC (adjusted),368,405,436,435,422,437,477,502,390,520
Light goods vehicle drivers,All,60-69,FSC (adjusted),176,180,184,163,175,175,174,202,200,203
Light goods vehicle drivers,All,70 and over,FSC (adjusted),22,40,26,44,39,57,55,60,35,73
Light goods vehicle drivers,All,All ages,FSC (adjusted),"2,527","2,476","2,750","2,705","2,598","2,547","2,677","2,786","2,293","2,835"
Heavy goods vehicle drivers,All,Under 16,FSC (adjusted),0,0,0,0,0,0,0,0,0,0
Heavy goods vehicle drivers,All,16,FSC (adjusted),0,0,0,0,0,0,1,0,0,0
Heavy goods vehicle drivers,All,17-20,FSC (adjusted),8,13,6,9,11,5,11,3,6,8
Heavy goods vehicle drivers,All,21-24,FSC (adjusted),35,36,43,47,34,36,27,31,18,25
Heavy goods vehicle drivers,All,25-29,FSC (adjusted),89,88,101,102,98,116,101,80,66,59
Heavy goods vehicle drivers,All,30-39,FSC (adjusted),295,283,288,275,246,261,261,237,191,206
Heavy goods vehicle drivers,All,40-49,FSC (adjusted),522,473,471,461,364,346,320,298,217,226
Heavy goods vehicle drivers,All,50-59,FSC (adjusted),402,437,397,429,411,367,374,334,303,332
Heavy goods vehicle drivers,All,60-69,FSC (adjusted),165,151,200,176,162,136,157,136,119,136
Heavy goods vehicle drivers,All,70 and over,FSC (adjusted),14,16,13,13,13,16,15,20,9,9
Heavy goods vehicle drivers,All,All ages,FSC (adjusted),"1,670","1,628","1,628","1,627","1,439","1,375","1,361","1,221",992,"1,063"
Other or unknown vehicle drivers,All,Under 16,FSC (adjusted),17,7,15,11,14,16,14,16,28,78
Other or unknown vehicle drivers,All,16,FSC (adjusted),6,4,6,3,3,7,2,7,12,13
Other or unknown vehicle drivers,All,17-20,FSC (adjusted),37,40,38,32,28,30,29,26,53,100
Other or unknown vehicle drivers,All,21-24,FSC (adjusted),41,36,38,40,48,59,49,52,62,84
Other or unknown vehicle drivers,All,25-29,FSC (adjusted),56,53,57,57,59,70,85,59,73,116
Other or unknown vehicle drivers,All,30-39,FSC (adjusted),125,104,100,101,129,163,140,119,151,233
Other or unknown vehicle drivers,All,40-49,FSC (adjusted),144,115,104,104,141,158,134,115,99,114
Other or unknown vehicle drivers,All,50-59,FSC (adjusted),93,86,124,104,140,112,142,130,109,128
Other or unknown vehicle drivers,All,60-69,FSC (adjusted),79,70,53,62,67,78,84,77,54,63
Other or unknown vehicle drivers,All,70 and over,FSC (adjusted),77,74,85,93,82,71,96,65,50,62
Other or unknown vehicle drivers,All,All ages,FSC (adjusted),794,698,737,733,900,973,990,860,844,"1,197"
All drivers and riders,All,Under 16,FSC (adjusted),529,473,490,475,474,547,512,536,482,548
All drivers and riders,All,16,FSC (adjusted),380,305,309,285,255,286,236,212,204,184
All drivers and riders,All,17-20,FSC (adjusted),"4,436","4,074","3,989","3,870","3,573","3,464","3,387","3,290","2,633","3,063"
All drivers and riders,All,21-24,FSC (adjusted),"4,838","4,675","4,886","4,729","4,519","4,231","3,897","3,637","3,015","3,476"
All drivers and riders,All,25-29,FSC (adjusted),"5,415","5,250","5,728","5,679","5,487","5,347","5,349","5,072","4,037","4,378"
All drivers and riders,All,30-39,FSC (adjusted),"9,816","9,040","9,755","9,184","9,361","9,109","9,430","9,212","7,203","8,419"
All drivers and riders,All,40-49,FSC (adjusted),"10,344","9,712","10,075","9,393","8,560","8,020","8,043","7,601","5,824","6,451"
All drivers and riders,All,50-59,FSC (adjusted),"7,396","7,228","7,987","7,752","7,559","7,276","7,651","7,322","5,766","6,630"
All drivers and riders,All,60-69,FSC (adjusted),"4,207","4,096","4,493","4,126","4,065","3,860","4,174","4,057","3,224","3,574"
All drivers and riders,All,70 and over,FSC (adjusted),"3,072","3,178","3,457","3,370","3,341","3,433","3,753","3,564","2,483","2,971"
All drivers and riders,All,All ages,FSC (adjusted),"55,066","52,482","55,770","53,507","51,610","49,922","51,033","48,958","38,423","43,902"
